INSERT INTO SGPPRD.RECURSO (ID_RECURSO, NM_RECURSO) VALUES (1, 'Julian Degutis');
INSERT INTO SGPPRD.RECURSO (ID_RECURSO, NM_RECURSO) VALUES (2, 'Lorena Moura');
INSERT INTO SGPPRD.RECURSO (ID_RECURSO, NM_RECURSO) VALUES (3, 'Augusto Moura');
INSERT INTO SGPPRD.RECURSO (ID_RECURSO, NM_RECURSO) VALUES (4, 'Nivaldo Junior');

INSERT INTO SGPPRD.PROJETO (ID_PROJETO, NM_PROJETO, DT_INICIO, DT_FIM, VL_HORAS) VALUES (1, 'EVL-10003 - Adicionar lançamento em massa SGPI', CURRENT_DATE, NULL, 0);
INSERT INTO SGPPRD.PROJETO (ID_PROJETO, NM_PROJETO, DT_INICIO, DT_FIM, VL_HORAS) VALUES (2, 'EVL-33244 - Envio de e-mail na recarga SMS no Portal de Clientes', CURRENT_DATE, NULL, 0); 
INSERT INTO SGPPRD.PROJETO (ID_PROJETO, NM_PROJETO, DT_INICIO, DT_FIM, VL_HORAS) VALUES (3, 'EVL-22356 - Formatação de data na fatura da ALGAR', CURRENT_DATE, NULL, 0); 
INSERT INTO SGPPRD.PROJETO (ID_PROJETO, NM_PROJETO, DT_INICIO, DT_FIM, VL_HORAS) VALUES (4, 'EVL-11355 - Incluir relatório analitico por interrupção SGPI', CURRENT_DATE, NULL, 0); 

INSERT INTO SGPPRD.ALOCACAO (ID_ALOCACAO, ID_PROJETO, ID_RECURSO, VALOR_HORAS, DT_INICIO, DT_FIM) VALUES (1, 1, 1, 0, CURRENT_DATE, NULL);
INSERT INTO SGPPRD.ALOCACAO (ID_ALOCACAO, ID_PROJETO, ID_RECURSO, VALOR_HORAS, DT_INICIO, DT_FIM) VALUES (2, 2, 1, 0, CURRENT_DATE, NULL);
INSERT INTO SGPPRD.ALOCACAO (ID_ALOCACAO, ID_PROJETO, ID_RECURSO, VALOR_HORAS, DT_INICIO, DT_FIM) VALUES (3, 2, 2, 0, CURRENT_DATE, NULL);
INSERT INTO SGPPRD.ALOCACAO (ID_ALOCACAO, ID_PROJETO, ID_RECURSO, VALOR_HORAS, DT_INICIO, DT_FIM) VALUES (4, 2, 3, 0, CURRENT_DATE, NULL);
INSERT INTO SGPPRD.ALOCACAO (ID_ALOCACAO, ID_PROJETO, ID_RECURSO, VALOR_HORAS, DT_INICIO, DT_FIM) VALUES (5, 2, 4, 0, CURRENT_DATE, NULL);
INSERT INTO SGPPRD.ALOCACAO (ID_ALOCACAO, ID_PROJETO, ID_RECURSO, VALOR_HORAS, DT_INICIO, DT_FIM) VALUES (6, 3, 4, 0, CURRENT_DATE, NULL);
INSERT INTO SGPPRD.ALOCACAO (ID_ALOCACAO, ID_PROJETO, ID_RECURSO, VALOR_HORAS, DT_INICIO, DT_FIM) VALUES (7, 4, 2, 0, CURRENT_DATE, NULL);
INSERT INTO SGPPRD.ALOCACAO (ID_ALOCACAO, ID_PROJETO, ID_RECURSO, VALOR_HORAS, DT_INICIO, DT_FIM) VALUES (8, 4, 4, 0, CURRENT_DATE, NULL);

INSERT INTO SGPPRD.REUNIAO (ID_REUNIAO, ID_PROJETO, DT_INICIO, ID_RECURSO, VL_HORAS) VALUES (1, 1, CURRENT_DATE, 1, 2);
INSERT INTO SGPPRD.REUNIAO (ID_REUNIAO, ID_PROJETO, DT_INICIO, ID_RECURSO, VL_HORAS) VALUES (2, 1, CURRENT_DATE, 2, 2);
INSERT INTO SGPPRD.REUNIAO (ID_REUNIAO, ID_PROJETO, DT_INICIO, ID_RECURSO, VL_HORAS) VALUES (3, 1, CURRENT_DATE, 3, 2);
INSERT INTO SGPPRD.REUNIAO (ID_REUNIAO, ID_PROJETO, DT_INICIO, ID_RECURSO, VL_HORAS) VALUES (4, 2, CURRENT_DATE, 4, 2);
INSERT INTO SGPPRD.REUNIAO (ID_REUNIAO, ID_PROJETO, DT_INICIO, ID_RECURSO, VL_HORAS) VALUES (5, 2, CURRENT_DATE, 5, 2);